{
  "overall": {
    "games": 28,
    "student_moves": 2653,
    "issues": 845,
    "issue_rate": 0.3185073501696193,
    "severe": 772,
    "major": 36,
    "minor": 37
  },
  "phase_stats": {
    "布局": {
      "moves": 700,
      "issues": 237,
      "issue_rate": 0.3385714285714286
    },
    "中盘": {
      "moves": 1697,
      "issues": 551,
      "issue_rate": 0.3246906305244549
    },
    "官子": {
      "moves": 256,
      "issues": 57,
      "issue_rate": 0.22265625
    }
  },
  "context_stats": {
    "优势失误": {
      "issues": 775,
      "share": 0.9171597633136095
    },
    "均势失误": {
      "issues": 52,
      "share": 0.06153846153846154
    },
    "逆风失误": {
      "issues": 18,
      "share": 0.021301775147928994
    },
    "未知局势": {
      "issues": 0,
      "share": 0.0
    }
  },
  "zone_stats": {
    "角部": {
      "issues": 37,
      "share": 0.04378698224852071
    },
    "边上": {
      "issues": 297,
      "share": 0.3514792899408284
    },
    "中腹": {
      "issues": 511,
      "share": 0.6047337278106509
    },
    "未知": {
      "issues": 0,
      "share": 0.0
    }
  },
  "weakness_signals": [
    "布局阶段问题手率较高（33.9%）",
    "严重失误占比较高（91.4%），需优先降低单步大亏损",
    "官子稳定性偏弱，后半盘容易被逆转",
    "布局阶段方向感有待加强",
    "中盘战斗判断波动较大",
    "领先后守成稳定性不足，优势局面有回送倾向"
  ],
  "top_issues": [
    {
      "game": "[kimi201803]vs[芒果25437]1771826016030053882.sgf",
      "move_no": 146,
      "actual": "S1",
      "best": "K14",
      "phase": "中盘",
      "severity": "严重",
      "winrate_drop": 0.999965667,
      "score_drop": 150.4392584,
      "before_winrate": 0.99997924,
      "context": "优势失误",
      "zone": "角部",
      "pv": [
        "K14",
        "B18",
        "D14"
      ]
    },
    {
      "game": "[kimi201803]vs[芒果25437]1771826016030053882.sgf",
      "move_no": 148,
      "actual": "Q1",
      "best": "M16",
      "phase": "中盘",
      "severity": "严重",
      "winrate_drop": 0.999960694,
      "score_drop": 161.5911865,
      "before_winrate": 0.99997597,
      "context": "优势失误",
      "zone": "边上",
      "pv": [
        "M16",
        "B18",
        "D19"
      ]
    },
    {
      "game": "[kimi201803]vs[芒果25437]1771826016030053882.sgf",
      "move_no": 154,
      "actual": "D7",
      "best": "K14",
      "phase": "中盘",
      "severity": "严重",
      "winrate_drop": 0.9999570799999999,
      "score_drop": 143.9396645,
      "before_winrate": 0.999979007,
      "context": "优势失误",
      "zone": "中腹",
      "pv": [
        "K14",
        "B18",
        "D14"
      ]
    },
    {
      "game": "[kimi201803]vs[芒果25437]1771826016030053882.sgf",
      "move_no": 150,
      "actual": "T10",
      "best": "K14",
      "phase": "中盘",
      "severity": "严重",
      "winrate_drop": 0.999948578,
      "score_drop": 151.05839220000001,
      "before_winrate": 0.999977073,
      "context": "优势失误",
      "zone": "边上",
      "pv": [
        "K14",
        "B18",
        "D14"
      ]
    },
    {
      "game": "[kimi201803]vs[芒果25437]1771826016030053882.sgf",
      "move_no": 152,
      "actual": "C7",
      "best": "M16",
      "phase": "中盘",
      "severity": "严重",
      "winrate_drop": 0.999945464,
      "score_drop": 141.1886738,
      "before_winrate": 0.999974706,
      "context": "优势失误",
      "zone": "边上",
      "pv": [
        "M16",
        "B18",
        "D14"
      ]
    },
    {
      "game": "[kimi201803]vs[芒果25437]1771826016030053882.sgf",
      "move_no": 144,
      "actual": "S3",
      "best": "M16",
      "phase": "中盘",
      "severity": "严重",
      "winrate_drop": 0.999945447,
      "score_drop": 138.460906,
      "before_winrate": 0.999972831,
      "context": "优势失误",
      "zone": "角部",
      "pv": [
        "M16",
        "B18",
        "D14"
      ]
    },
    {
      "game": "[kimi201803]vs[芒果25437]1771826016030053882.sgf",
      "move_no": 142,
      "actual": "F17",
      "best": "M16",
      "phase": "中盘",
      "severity": "严重",
      "winrate_drop": 0.999930138,
      "score_drop": 136.069203,
      "before_winrate": 0.999952458,
      "context": "优势失误",
      "zone": "边上",
      "pv": [
        "M16",
        "B18",
        "D14",
        "E14"
      ]
    },
    {
      "game": "[kimi201803]vs[芒果25437]1771826016030053882.sgf",
      "move_no": 118,
      "actual": "E4",
      "best": "M16",
      "phase": "中盘",
      "severity": "严重",
      "winrate_drop": 0.999927364,
      "score_drop": 104.32097830000001,
      "before_winrate": 0.999946863,
      "context": "优势失误",
      "zone": "中腹",
      "pv": [
        "M16",
        "S8",
        "N17"
      ]
    },
    {
      "game": "[kimi201803]vs[芒果25437]1771826016030053882.sgf",
      "move_no": 120,
      "actual": "J15",
      "best": "T10",
      "phase": "中盘",
      "severity": "严重",
      "winrate_drop": 0.999900832,
      "score_drop": 104.5787024,
      "before_winrate": 0.999959335,
      "context": "优势失误",
      "zone": "中腹",
      "pv": [
        "T10",
        "S8",
        "S7"
      ]
    },
    {
      "game": "[kimi201803]vs[芒果25437]1771826016030053882.sgf",
      "move_no": 114,
      "actual": "C9",
      "best": "M16",
      "phase": "中盘",
      "severity": "严重",
      "winrate_drop": 0.999890214,
      "score_drop": 98.23574740000001,
      "before_winrate": 0.999921512,
      "context": "优势失误",
      "zone": "边上",
      "pv": [
        "M16",
        "N16"
      ]
    },
    {
      "game": "[kimi201803]vs[芒果25437]1771826016030053882.sgf",
      "move_no": 110,
      "actual": "N2",
      "best": "M16",
      "phase": "中盘",
      "severity": "严重",
      "winrate_drop": 0.9998807559999999,
      "score_drop": 100.43848729999999,
      "before_winrate": 0.999919514,
      "context": "优势失误",
      "zone": "边上",
      "pv": [
        "M16",
        "S8",
        "N17"
      ]
    },
    {
      "game": "[kimi201803]vs[芒果25437]1771826016030053882.sgf",
      "move_no": 140,
      "actual": "F18",
      "best": "M16",
      "phase": "中盘",
      "severity": "严重",
      "winrate_drop": 0.999879937,
      "score_drop": 120.42648369999999,
      "before_winrate": 0.999937102,
      "context": "优势失误",
      "zone": "边上",
      "pv": [
        "M16",
        "B18",
        "B17",
        "D19"
      ]
    },
    {
      "game": "[kimi201803]vs[芒果25437]1771826016030053882.sgf",
      "move_no": 134,
      "actual": "K18",
      "best": "M16",
      "phase": "中盘",
      "severity": "严重",
      "winrate_drop": 0.999878768,
      "score_drop": 101.7130262,
      "before_winrate": 0.999944647,
      "context": "优势失误",
      "zone": "边上",
      "pv": [
        "M16",
        "S8",
        "S7",
        "S5"
      ]
    },
    {
      "game": "[kimi201803]vs[芒果25437]1771826016030053882.sgf",
      "move_no": 112,
      "actual": "R2",
      "best": "M16",
      "phase": "中盘",
      "severity": "严重",
      "winrate_drop": 0.999852205,
      "score_drop": 95.5543158,
      "before_winrate": 0.999924689,
      "context": "优势失误",
      "zone": "角部",
      "pv": [
        "M16",
        "S8",
        "N17"
      ]
    },
    {
      "game": "[刘星66858]vs[芒果25437]1771741421030033717.sgf",
      "move_no": 164,
      "actual": "J7",
      "best": "E2",
      "phase": "中盘",
      "severity": "严重",
      "winrate_drop": 0.999850825,
      "score_drop": 132.549971,
      "before_winrate": 0.999896093,
      "context": "优势失误",
      "zone": "中腹",
      "pv": [
        "E2",
        "S13",
        "S14"
      ]
    },
    {
      "game": "[kimi201803]vs[芒果25437]1771826016030053882.sgf",
      "move_no": 138,
      "actual": "H16",
      "best": "M16",
      "phase": "中盘",
      "severity": "严重",
      "winrate_drop": 0.999846153,
      "score_drop": 105.41176540000001,
      "before_winrate": 0.999927743,
      "context": "优势失误",
      "zone": "中腹",
      "pv": [
        "M16",
        "S8",
        "D14"
      ]
    },
    {
      "game": "[kimi201803]vs[芒果25437]1771826016030053882.sgf",
      "move_no": 130,
      "actual": "L17",
      "best": "K18",
      "phase": "中盘",
      "severity": "严重",